DROP DATABASE  IF EXISTS `ichat-dev`;
CREATE DATABASE `ichat-dev`;

USE `ichat-dev`;

/*Table structure for table `chat_msg` */

DROP TABLE IF EXISTS `chat_msg`;

CREATE TABLE `chat_msg` (
  `id` varchar(64) NOT NULL COMMENT '聊天记录表唯一id',
  `send_user_id` varchar(64) NOT NULL COMMENT '发送消息用户id',
  `accept_user_id` varchar(64) NOT NULL COMMENT '接收消息用户id',
  `msg` varchar(255) NOT NULL COMMENT '消息',
  `sign_flag` int(1) NOT NULL COMMENT '消息是否被查看',
  `create_time` datetime NOT NULL COMMENT '消息发送时间',
  PRIMARY KEY (`id`)
) ENGINE=MyISAM DEFAULT CHARSET=utf8;

/*Data for the table `chat_msg` */

insert  into `chat_msg`(`id`,`send_user_id`,`accept_user_id`,`msg`,`sign_flag`,`create_time`) values 

('181209GYKCHSA5AW','181125AG577R4PX4','181202BA0ZX5ZBMW','111',1,'2018-12-09 22:20:59'),

('181209GYHMS8N63C','181202BA0ZX5ZBMW','181125AG577R4PX4','，',1,'2018-12-09 22:20:54'),

('181209GYGKY88B2W','181125AG577R4PX4','181202BA0ZX5ZBMW','，',0,'2018-12-09 22:20:48'),

('181209GYGF3S82K4','181209G9Z6NTC568','181202BA0ZX5ZBMW','真难用',0,'2018-12-09 22:20:47'),

('181209GYFHCAA428','181209G9Z6NTC568','181202BA0ZX5ZBMW','什么破软件',0,'2018-12-09 22:20:41'),

('181209GM3A09539P','181202BA0ZX5ZBMW','181209G9Z6NTC568','456',1,'2018-12-09 21:55:27'),

('181209GM43FBC7TC','181209G9Z6NTC568','181202BA0ZX5ZBMW','123',1,'2018-12-09 21:55:32'),

('181209GM2CS54940','181209G9Z6NTC568','181202BA0ZX5ZBMW','123',0,'2018-12-09 21:55:22'),

('181209H00CA8M800','181125AG577R4PX4','181208122XPG9494','111',0,'2018-12-09 22:25:10'),

('181209H0932D5P94','181209G9Z6NTC568','181202BA0ZX5ZBMW',' 次',0,'2018-12-09 22:26:06'),

('181209H09S5X418H','181202BA0ZX5ZBMW','181209G9Z6NTC568','111',1,'2018-12-09 22:26:10'),

('181209H0B0F9T8PH','181209G9Z6NTC568','181202BA0ZX5ZBMW',' 在',1,'2018-12-09 22:26:18'),

('181209H0BPKN2SNC','181202BA0ZX5ZBMW','181209G9Z6NTC568','666',1,'2018-12-09 22:26:23'),

('1812100MMY5M306W','181125AG577R4PX4','181202BA0ZX5ZBMW','111',0,'2018-12-10 00:56:05'),

('1812100MNTA95B54','181202BA0ZX5ZBMW','181125AG577R4PX4','111',1,'2018-12-10 00:56:10'),

('1812100MR8W5RHBC','181125AG577R4PX4','181202BA0ZX5ZBMW','，哈哈哈',1,'2018-12-10 00:56:20'),

('1812100MRWF0RGC0','181202BA0ZX5ZBMW','181125AG577R4PX4','666',1,'2018-12-10 00:56:23'),

('1812100MT736MG54','181125AG577R4PX4','181202BA0ZX5ZBMW','嘻嘻嘻',1,'2018-12-10 00:56:32'),

('1812100MY343P37C','181125AG577R4PX4','181202BA0ZX5ZBMW','666',1,'2018-12-10 00:56:51'),

('1812100MYSRY7B0H','181202BA0ZX5ZBMW','181125AG577R4PX4','改成',1,'2018-12-10 00:56:55'),

('1812100N4G43S9YW','181125AG577R4PX4','181202BA0ZX5ZBMW','666',1,'2018-12-10 00:57:32'),

('1812100N50875400','181125AG577R4PX4','181202BA0ZX5ZBMW','哈哈哈哈',1,'2018-12-10 00:57:35'),

('1812100N5KR0A3C0','181125AG577R4PX4','181202BA0ZX5ZBMW','明民',1,'2018-12-10 00:57:39'),

('1812100PP24BGPDP','181202BA0ZX5ZBMW','181125AG577R4PX4','666',1,'2018-12-10 01:02:12'),

('1812100PSPWFMW94','181202BA0ZX5ZBMW','181125AG577R4PX4','111',0,'2018-12-10 01:02:29'),

('1812100PXF38NCM8','181202BA0ZX5ZBMW','181125AG577R4PX4','111',0,'2018-12-10 01:02:47'),

('1812100PZGF8ZK68','181202BA0ZX5ZBMW','181125AG577R4PX4','333',0,'2018-12-10 01:03:00'),

('1812100S5SHKDZF8','181202BA0ZX5ZBMW','181125AG577R4PX4','666',0,'2018-12-10 01:06:41'),

('1812100SDF7T744H','181202BA0ZX5ZBMW','181125AG577R4PX4','改哈比',0,'2018-12-10 01:07:30'),

('1812100SFRDKKAW0','181125AG577R4PX4','181202BA0ZX5ZBMW','？',1,'2018-12-10 01:07:38'),

('1812100SZHK7B4DP','181125AG577R4PX4','181202BA0ZX5ZBMW','啊？',1,'2018-12-10 01:09:01'),

('1812100T2KM8484H','181125AG577R4PX4','181202BA0ZX5ZBMW','？',0,'2018-12-10 01:09:20'),

('1812100T56T0KDS8','181125AG577R4PX4','181202BA0ZX5ZBMW','哈哈',0,'2018-12-10 01:09:37'),

('1812100T7A87SN2W','181202BA0ZX5ZBMW','181125AG577R4PX4','黑',1,'2018-12-10 01:09:51'),

('1812100WRHYNWF14','181125AG577R4PX4','181202BA0ZX5ZBMW','哈哈哈',0,'2018-12-10 01:14:23'),

('1812100WT3PRS428','181125AG577R4PX4','181202BA0ZX5ZBMW','？？？？',0,'2018-12-10 01:14:32'),

('1812100WX2NGBFY8','181125AG577R4PX4','181202BA0ZX5ZBMW','卧槽',0,'2018-12-10 01:14:45'),

('1812100WY4RXYSNC','181202BA0ZX5ZBMW','181125AG577R4PX4','改成',1,'2018-12-10 01:14:52'),

('1812100XATNTT5D4','181125AG577R4PX4','181202BA0ZX5ZBMW','茶？',1,'2018-12-10 01:16:14'),

('1812100XBP828GMW','181202BA0ZX5ZBMW','181125AG577R4PX4','6666',1,'2018-12-10 01:16:19');

/*Table structure for table `friends_request` */

DROP TABLE IF EXISTS `friends_request`;

CREATE TABLE `friends_request` (
  `id` varchar(64) NOT NULL COMMENT '好友请求表唯一id',
  `send_user_id` varchar(64) NOT NULL COMMENT '发送好友请求的目标用户id',
  `accept_user_id` varchar(64) NOT NULL COMMENT '接收好友请求的用户id',
  `request_date_time` datetime NOT NULL COMMENT '请求时间',
  PRIMARY KEY (`id`)
) ENGINE=MyISAM DEFAULT CHARSET=utf8;

/*Data for the table `friends_request` */

insert  into `friends_request`(`id`,`send_user_id`,`accept_user_id`,`request_date_time`) values 

('181202BKHG50KYW0','181125AG577R4PX4','18113007ZG1H3B9P','2018-12-02 16:17:35'),

('18113008987283XP','18113007ZG1H3B9P','181127HXPR0ATH6W','2018-11-30 00:25:01'),

('181202BKCHHD3YNC','181125AG577R4PX4','181127HXPR0ATH6W','2018-12-02 16:17:10'),

('18120813TCZN9ZTC','181202BA0ZX5ZBMW','181208122XPG9494','2018-12-08 01:35:36');

/*Table structure for table `my_friends` */

DROP TABLE IF EXISTS `my_friends`;

CREATE TABLE `my_friends` (
  `id` varchar(64) NOT NULL COMMENT '好友关系表唯一id',
  `my_user_id` varchar(64) NOT NULL COMMENT '用户id',
  `my_friend_user_id` varchar(64) NOT NULL COMMENT '用户关联的好友id',
  PRIMARY KEY (`id`)
) ENGINE=MyISAM DEFAULT CHARSET=utf8;

/*Data for the table `my_friends` */

insert  into `my_friends`(`id`,`my_user_id`,`my_friend_user_id`) values 

('1812020SPR3919GC','181130094KYB8PH0','181125AG577R4PX4'),

('1812020SPR4G4MY8','181125AG577R4PX4','181130094KYB8PH0'),

('181202BDHT47N91P','181125AG577R4PX4','181202BA0ZX5ZBMW'),

('181202BDHT4FFAY8','181202BA0ZX5ZBMW','181125AG577R4PX4'),

('181202FKFNG0RBF8','181202FK8G883CM8','181202BA0ZX5ZBMW'),

('181202FKFNGFBG7C','181202BA0ZX5ZBMW','181202FK8G883CM8'),

('181208128RZXY4BC','181208122XPG9494','181125AG577R4PX4'),

('181208128S04R680','181125AG577R4PX4','181208122XPG9494'),

('181208A1PP06N9AW','181208A1KGPGD77C','181125AG577R4PX4'),

('181208A1PP0A2W94','181125AG577R4PX4','181208A1KGPGD77C'),

('181208AFM8GCMTMW','181208AFBFXMKAFW','181208A1KGPGD77C'),

('181208AFM8GH2AK4','181208A1KGPGD77C','181208AFBFXMKAFW'),

('181208AGGMFNYGF8','181208AG4NHTCZC0','181208A1KGPGD77C'),

('181208AGGMFTA2CH','181208A1KGPGD77C','181208AG4NHTCZC0'),

('181209GB45XH446W','181202BA0ZX5ZBMW','181209G9Z6NTC568'),

('181209GB45XSZ63C','181209G9Z6NTC568','181202BA0ZX5ZBMW'),

('181209GZ0Y49NDKP','181209GYNDWWRGC0','181125AG577R4PX4'),

('181209GZ0Y4D30H0','181125AG577R4PX4','181209GYNDWWRGC0'),

('181209GZKM0KDZF8','181209GZ6D1W2Y80','181125AG577R4PX4'),

('181209GZKM0PXFCH','181125AG577R4PX4','181209GZ6D1W2Y80'),

('181209H6469S8ACH','181125AG577R4PX4','181209H5AM95BY14'),

('181209H6469XNXAW','181209H5AM95BY14','181125AG577R4PX4');

/*Table structure for table `users` */

DROP TABLE IF EXISTS `users`;

CREATE TABLE `users` (
  `id` varchar(64) NOT NULL COMMENT '用户唯一id，不需要自增长，不利于分布式切割表',
  `username` varchar(20) NOT NULL COMMENT '用户名',
  `password` varchar(64) NOT NULL COMMENT '密码',
  `head_image` varchar(255) NOT NULL COMMENT '预览类小头像',
  `head_image_big` varchar(255) NOT NULL COMMENT '头像',
  `nickname` varchar(20) NOT NULL COMMENT '昵称',
  `qrcode` varchar(255) NOT NULL COMMENT '用户自身二维码',
  `cid` varchar(64) DEFAULT NULL COMMENT '用户设备id',
  PRIMARY KEY (`id`)
) ENGINE=MyISAM DEFAULT CHARSET=utf8;

/*Data for the table `users` */

insert  into `users`(`id`,`username`,`password`,`head_image`,`head_image_big`,`nickname`,`qrcode`,`cid`) values 

('181115GGTFF0GYNC','glw123','4QrcOUm6Wau+VuBX8g+IPg==','M00/00/00/wKgBnlv5j5-AGz6zAARL_fkc7FQ604_80x80.png','M00/00/00/wKgBnlv5j5-AGz6zAARL_fkc7FQ604.png','glw1234','','b47d7d9201445c611d2f91e7331f5228'),

('181115GH1MWFZCM8','glw666','83nq88gxsE3hU0adG+w0Xg==','','','glw666','','b47d7d9201445c611d2f91e7331f5228'),

('181125AG577R4PX4','g123','83nq88gxsE3hU0adG+w0Xg==','M00/00/00/wKgBnlv6gkeAXnHuAAIi0o12vD0837_80x80.png','M00/00/00/wKgBnlv6gkeAXnHuAAIi0o12vD0837.png','g1255','M00/00/00/wKgBnlv6RTmAH1wYAAABj_Z1Ue0892.png','b47d7d9201445c611d2f91e7331f5228'),

('181127HXPR0ATH6W','g666','83nq88gxsE3hU0adG+w0Xg==','M00/00/00/wKgBnlv9ZfqAArwgAAgvOHRvrDs016_80x80.png','M00/00/00/wKgBnlv9ZfqAArwgAAgvOHRvrDs016.png','g666','M00/00/00/wKgBnlv9ZeKAWf03AAABnnkHH1o011.png','b47d7d9201445c611d2f91e7331f5228'),

('18113007ZG1H3B9P','123456','4QrcOUm6Wau+VuBX8g+IPg==','M00/00/00/wKgBnlwAErSAQdvHAAAKkbfVqFs801_80x80.png','M00/00/00/wKgBnlwAErSAQdvHAAAKkbfVqFs801.png','123456','M00/00/00/wKgBnlwAEqCAOrlFAAABlDnrpcQ648.png','b47d7d9201445c611d2f91e7331f5228'),

('181130094KYB8PH0','g456','83nq88gxsE3hU0adG+w0Xg==','M00/00/00/wKgBnlwAE4iAHkQ8AAkeZNsCXj8026_80x80.png','M00/00/00/wKgBnlwAE4iAHkQ8AAkeZNsCXj8026.png','g456','M00/00/00/wKgBnlwAE3WAaVhXAAABktz3Gmk348.png','b47d7d9201445c611d2f91e7331f5228'),

('181202BA0ZX5ZBMW','lx123','ry0jyK5geCdcCL2JUIvp/A==','M00/00/00/wKgBnlwDj_GANjM7AApFU2PYqI0224_80x80.png','M00/00/00/wKgBnlwDj_GANjM7AApFU2PYqI0224.png','lx123','M00/00/00/wKgBnlwDj82AMEVMAAABmsvW04I337.png','b47d7d9201445c611d2f91e7331f5228'),

('181202FK8G883CM8','zcb123','4QrcOUm6Wau+VuBX8g+IPg==','M00/00/00/wKgBnlwD0BeAFEWXAAOj9EysmqM994_80x80.png','M00/00/00/wKgBnlwD0BeAFEWXAAOj9EysmqM994.png','zcb123','M00/00/00/wKgBnlwD0AeAHJF8AAABpAmjR20351.png','05475181016b1f33452e7e9e89dd6968'),

('181208122XPG9494','zxf','ICy5YqxZB1uWSwcVLSNLcA==','M00/00/00/wKgBnlwKrkeAZqRCAAHY8gpPSdE844_80x80.png','M00/00/00/wKgBnlwKrkeAZqRCAAHY8gpPSdE844.png','zxf','M00/00/00/wKgBnlwKrjeAWOjKAAABnc6Asuk889.png','1686691e9a67947af0b82ab04299a59d'),

('181208A1KGPGD77C','lx666','4QrcOUm6Wau+VuBX8g+IPg==','','','lx666','M00/00/00/wKgBnlwLXzaATh7tAAABkItoPcU058.png','b47d7d9201445c611d2f91e7331f5228'),

('181208AFBFXMKAFW','333','MQ3Lv0zOYvdioqqhSNVWvQ==','M00/00/00/wKgBnlwLaEaAdgzlAAAn2o8BZcg719_80x80.png','M00/00/00/wKgBnlwLaEaAdgzlAAAn2o8BZcg719.png','333','M00/00/00/wKgBnlwLaDWAeAzqAAABkU9gH94875.png','05475181016b1f33452e7e9e89dd6968'),

('181208AG4NHTCZC0','444','VQoUHxLeY0H7plsK0EM1AA==','M00/00/00/wKgBnlwLaMuAAN5IAAAjzY-72KU966_80x80.png','M00/00/00/wKgBnlwLaMuAAN5IAAAjzY-72KU966.png','444','M00/00/00/wKgBnlwLaL2AR9QrAAABowS1MF8049.png','05475181016b1f33452e7e9e89dd6968'),

('181209G9Z6NTC568','zys','hVWGJxiMqqITgJmqU9T/Wg==','M00/00/00/wKgBnlwNGciAZZqfAAJ_NhMx__A492_80x80.png','M00/00/00/wKgBnlwNGciAZZqfAAJ_NhMx__A492.png','zys','M00/00/00/wKgBnlwNGROAC8RpAAABkGd3lmg624.png','d9fe3890bf8d0d39cd2c9625cc94b956'),

('181209GYNDWWRGC0','glw','NTzWCdmHCwPehk63PD7pEw==','','','glw','M00/00/00/wKgBnlwNJNiANJtxAAABoZKJMy8655.png','b47d7d9201445c611d2f91e7331f5228'),

('181209GZ6D1W2Y80','lx','gDfM6oUAb+509Y+G7fF4jg==','','','lx','M00/00/00/wKgBnlwNJTiALzXFAAABpQVJQvI360.png','b47d7d9201445c611d2f91e7331f5228'),

('181209H5AM95BY14','111','aY1RoZ2KEhzlgUmde3AWaA==','M00/00/00/wKgBnlwNKfaADNqkADy-oqPZ0zw624_80x80.png','M00/00/00/wKgBnlwNKfaADNqkADy-oqPZ0zw624.png','111','M00/00/00/wKgBnlwNKYyASsY_AAABpO3pQpw779.png','b47d7d9201445c611d2f91e7331f5228');
